20140102,Lowest Price of the Day,Highest Price of the Day,Closing Price,Previous Day Closing Price,Volume Traded
20140103,Lowest Price of the Day,Highest Price of the Day,Closing Price,Previous Day Closing Price,Volume Traded
20140106,Lowest Price of the Day,Highest Price of the Day,Closing Price,Previous Day Closing Price,Volume Traded
20140107,Lowest Price of the Day,Highest Price of the Day,Closing Price,Previous Day Closing Price,Volume Traded
20140108,Lowest Price of the Day,Highest Price of the Day,Closing Price,Previous Day Closing Price,Volume Traded
20140109,Lowest Price of the Day,Highest Price of the Day,Closing Price,Previous Day Closing Price,Volume Traded
20140110,Lowest Price of the Day,Highest Price of the Day,Closing Price,Previous Day Closing Price,Volume Traded
20140113,Lowest Price of the Day,Highest Price of the Day,Closing Price,Previous Day Closing Price,Volume Traded
20140114,Lowest Price of the Day,Highest Price of the Day,Closing Price,Previous Day Closing Price,Volume Traded
20140115,Lowest Price of the Day,Highest Price of the Day,Closing Price,Previous Day Closing Price,Volume Traded
20140116,Lowest Price of the Day,Highest Price of the Day,Closing Price,Previous Day Closing Price,Volume Traded
20140117,Lowest Price of the Day,Highest Price of the Day,Closing Price,Previous Day Closing Price,Volume Traded
20140120,Lowest Price of the Day,Highest Price of the Day,Closing Price,Previous Day Closing Price,Volume Traded
20140121,Lowest Price of the Day,Highest Price of the Day,Closing Price,Previous Day Closing Price,Volume Traded
20140122,Lowest Price of the Day,Highest Price of the Day,Closing Price,Previous Day Closing Price,Volume Traded
20140123,Lowest Price of the Day,Highest Price of the Day,Closing Price,Previous Day Closing Price,Volume Traded
20140124,Lowest Price of the Day,Highest Price of the Day,Closing Price,Previous Day Closing Price,Volume Traded
20140127,Lowest Price of the Day,Highest Price of the Day,Closing Price,Previous Day Closing Price,Volume Traded
20140128,Lowest Price of the Day,Highest Price of the Day,Closing Price,Previous Day Closing Price,Volume Traded
20140129,Lowest Price of the Day,Highest Price of the Day,Closing Price,Previous Day Closing Price,Volume Traded
20140130,Lowest Price of the Day,Highest Price of the Day,Closing Price,Previous Day Closing Price,Volume Traded
20140131,Lowest Price of the Day,Highest Price of the Day,Closing Price,Previous Day Closing Price,Volume Traded
20140203,Lowest Price of the Day,Highest Price of the Day,Closing Price,Previous Day Closing Price,Volume Traded
20140204,Lowest Price of the Day,Highest Price of the Day,Closing Price,Previous Day Closing Price,Volume Traded
20140205,Lowest Price of the Day,Highest Price of the Day,Closing Price,Previous Day Closing Price,Volume Traded
20140206,Lowest Price of the Day,Highest Price of the Day,Closing Price,Previous Day Closing Price,Volume Traded
20140207,Lowest Price of the Day,Highest Price of the Day,Closing Price,Previous Day Closing Price,Volume Traded
20140210,Lowest Price of the Day,Highest Price of the Day,Closing Price,Previous Day Closing Price,Volume Traded
20140211,Lowest Price of the Day,Highest Price of the Day,Closing Price,Previous Day Closing Price,Volume Traded
20140212,Lowest Price of the Day,Highest Price of the Day,Closing Price,Previous Day Closing Price,Volume Traded
20140213,Lowest Price of the Day,Highest Price of the Day,Closing Price,Previous Day Closing Price,Volume Traded
20140214,Lowest Price of the Day,Highest Price of the Day,Closing Price,Previous Day Closing Price,Volume Traded
20140217,Lowest Price of the Day,Highest Price of the Day,Closing Price,Previous Day Closing Price,Volume Traded
20140218,Lowest Price of the Day,Highest Price of the Day,Closing Price,Previous Day Closing Price,Volume Traded
20140219,Lowest Price of the Day,Highest Price of the Day,Closing Price,Previous Day Closing Price,Volume Traded
20140220,Lowest Price of the Day,Highest Price of the Day,Closing Price,Previous Day Closing Price,Volume Traded
20140221,Lowest Price of the Day,Highest Price of the Day,Closing Price,Previous Day Closing Price,Volume Traded
20140224,Lowest Price of the Day,Highest Price of the Day,Closing Price,Previous Day Closing Price,Volume Traded
20140225,Lowest Price of the Day,Highest Price of the Day,Closing Price,Previous Day Closing Price,Volume Traded
20140226,Lowest Price of the Day,Highest Price of the Day,Closing Price,Previous Day Closing Price,Volume Traded
20140227,Lowest Price of the Day,Highest Price of the Day,Closing Price,Previous Day Closing Price,Volume Traded
20140228,Lowest Price of the Day,Highest Price of the Day,Closing Price,Previous Day Closing Price,Volume Traded
20140303,Lowest Price of the Day,Highest Price of the Day,Closing Price,Previous Day Closing Price,Volume Traded
20140304,Lowest Price of the Day,Highest Price of the Day,Closing Price,Previous Day Closing Price,Volume Traded
20140305,Lowest Price of the Day,Highest Price of the Day,Closing Price,Previous Day Closing Price,Volume Traded
20140306,Lowest Price of the Day,Highest Price of the Day,Closing Price,Previous Day Closing Price,Volume Traded
20140307,Lowest Price of the Day,Highest Price of the Day,Closing Price,Previous Day Closing Price,Volume Traded
20140310,Lowest Price of the Day,Highest Price of the Day,Closing Price,Previous Day Closing Price,Volume Traded
20140311,Lowest Price of the Day,Highest Price of the Day,Closing Price,Previous Day Closing Price,Volume Traded
20140312,Lowest Price of the Day,Highest Price of the Day,Closing Price,Previous Day Closing Price,Volume Traded
20140313,Lowest Price of the Day,Highest Price of the Day,Closing Price,Previous Day Closing Price,Volume Traded
20140314,Lowest Price of the Day,Highest Price of the Day,Closing Price,Previous Day Closing Price,Volume Traded
20140317,Lowest Price of the Day,Highest Price of the Day,Closing Price,Previous Day Closing Price,Volume Traded
20140318,Lowest Price of the Day,Highest Price of the Day,Closing Price,Previous Day Closing Price,Volume Traded
20140319,Lowest Price of the Day,Highest Price of the Day,Closing Price,Previous Day Closing Price,Volume Traded
20140320,Lowest Price of the Day,Highest Price of the Day,Closing Price,Previous Day Closing Price,Volume Traded
20140321,Lowest Price of the Day,Highest Price of the Day,Closing Price,Previous Day Closing Price,Volume Traded
20140324,Lowest Price of the Day,Highest Price of the Day,Closing Price,Previous Day Closing Price,Volume Traded
20140325,Lowest Price of the Day,Highest Price of the Day,Closing Price,Previous Day Closing Price,Volume Traded
20140326,Lowest Price of the Day,Highest Price of the Day,Closing Price,Previous Day Closing Price,Volume Traded
20140327,Lowest Price of the Day,Highest Price of the Day,Closing Price,Previous Day Closing Price,Volume Traded
20140328,Lowest Price of the Day,Highest Price of the Day,Closing Price,Previous Day Closing Price,Volume Traded
20140331,Lowest Price of the Day,Highest Price of the Day,Closing Price,Previous Day Closing Price,Volume Traded
20140401,Lowest Price of the Day,Highest Price of the Day,Closing Price,Previous Day Closing Price,Volume Traded
20140402,Lowest Price of the Day,Highest Price of the Day,Closing Price,Previous Day Closing Price,Volume Traded
20140403,Lowest Price of the Day,Highest Price of the Day,Closing Price,Previous Day Closing Price,Volume Traded
20140404,Lowest Price of the Day,Highest Price of the Day,Closing Price,Previous Day Closing Price,Volume Traded
20140407,Lowest Price of the Day,Highest Price of the Day,Closing Price,Previous Day Closing Price,Volume Traded
20140408,Lowest Price of the Day,Highest Price of the Day,Closing Price,Previous Day Closing Price,Volume Traded
20140409,Lowest Price of the Day,Highest Price of the Day,Closing Price,Previous Day Closing Price,Volume Traded
20140410,Lowest Price of the Day,Highest Price of the Day,Closing Price,Previous Day Closing Price,Volume Traded
20140411,Lowest Price of the Day,Highest Price of the Day,Closing Price,Previous Day Closing Price,Volume Traded
20140414,Lowest Price of the Day,Highest Price of the Day,Closing Price,Previous Day Closing Price,Volume Traded
20140415,Lowest Price of the Day,Highest Price of the Day,Closing Price,Previous Day Closing Price,Volume Traded
20140416,Lowest Price of the Day,Highest Price of the Day,Closing Price,Previous Day Closing Price,Volume Traded
20140417,Lowest Price of the Day,Highest Price of the Day,Closing Price,Previous Day Closing Price,Volume Traded
20140422,Lowest Price of the Day,Highest Price of the Day,Closing Price,Previous Day Closing Price,Volume Traded
20140423,Lowest Price of the Day,Highest Price of the Day,Closing Price,Previous Day Closing Price,Volume Traded
20140424,Lowest Price of the Day,Highest Price of the Day,Closing Price,Previous Day Closing Price,Volume Traded
20140425,Lowest Price of the Day,Highest Price of the Day,Closing Price,Previous Day Closing Price,Volume Traded
20140428,Lowest Price of the Day,Highest Price of the Day,Closing Price,Previous Day Closing Price,Volume Traded
20140429,Lowest Price of the Day,Highest Price of the Day,Closing Price,Previous Day Closing Price,Volume Traded
20140430,Lowest Price of the Day,Highest Price of the Day,Closing Price,Previous Day Closing Price,Volume Traded
20140502,Lowest Price of the Day,Highest Price of the Day,Closing Price,Previous Day Closing Price,Volume Traded
20140505,Lowest Price of the Day,Highest Price of the Day,Closing Price,Previous Day Closing Price,Volume Traded
20140506,Lowest Price of the Day,Highest Price of the Day,Closing Price,Previous Day Closing Price,Volume Traded
20140507,Lowest Price of the Day,Highest Price of the Day,Closing Price,Previous Day Closing Price,Volume Traded
20140508,Lowest Price of the Day,Highest Price of the Day,Closing Price,Previous Day Closing Price,Volume Traded
20140509,Lowest Price of the Day,Highest Price of the Day,Closing Price,Previous Day Closing Price,Volume Traded
20140512,Lowest Price of the Day,Highest Price of the Day,Closing Price,Previous Day Closing Price,Volume Traded
20140513,Lowest Price of the Day,Highest Price of the Day,Closing Price,Previous Day Closing Price,Volume Traded
20140514,Lowest Price of the Day,Highest Price of the Day,Closing Price,Previous Day Closing Price,Volume Traded
20140515,Lowest Price of the Day,Highest Price of the Day,Closing Price,Previous Day Closing Price,Volume Traded
20140516,Lowest Price of the Day,Highest Price of the Day,Closing Price,Previous Day Closing Price,Volume Traded
20140519,Lowest Price of the Day,Highest Price of the Day,Closing Price,Previous Day Closing Price,Volume Traded
20140520,Lowest Price of the Day,Highest Price of the Day,Closing Price,Previous Day Closing Price,Volume Traded
20140521,Lowest Price of the Day,Highest Price of the Day,Closing Price,Previous Day Closing Price,Volume Traded
20140522,Lowest Price of the Day,Highest Price of the Day,Closing Price,Previous Day Closing Price,Volume Traded
20140523,Lowest Price of the Day,Highest Price of the Day,Closing Price,Previous Day Closing Price,Volume Traded
20140526,Lowest Price of the Day,Highest Price of the Day,Closing Price,Previous Day Closing Price,Volume Traded
20140527,Lowest Price of the Day,Highest Price of the Day,Closing Price,Previous Day Closing Price,Volume Traded
20140528,Lowest Price of the Day,Highest Price of the Day,Closing Price,Previous Day Closing Price,Volume Traded
20140529,Lowest Price of the Day,Highest Price of the Day,Closing Price,Previous Day Closing Price,Volume Traded
20140530,Lowest Price of the Day,Highest Price of the Day,Closing Price,Previous Day Closing Price,Volume Traded
20140603,Lowest Price of the Day,Highest Price of the Day,Closing Price,Previous Day Closing Price,Volume Traded
20140604,Lowest Price of the Day,Highest Price of the Day,Closing Price,Previous Day Closing Price,Volume Traded
20140605,Lowest Price of the Day,Highest Price of the Day,Closing Price,Previous Day Closing Price,Volume Traded
20140606,Lowest Price of the Day,Highest Price of the Day,Closing Price,Previous Day Closing Price,Volume Traded
20140609,Lowest Price of the Day,Highest Price of the Day,Closing Price,Previous Day Closing Price,Volume Traded
20140610,Lowest Price of the Day,Highest Price of the Day,Closing Price,Previous Day Closing Price,Volume Traded
20140611,Lowest Price of the Day,Highest Price of the Day,Closing Price,Previous Day Closing Price,Volume Traded
20140612,Lowest Price of the Day,Highest Price of the Day,Closing Price,Previous Day Closing Price,Volume Traded
20140613,Lowest Price of the Day,Highest Price of the Day,Closing Price,Previous Day Closing Price,Volume Traded
20140616,Lowest Price of the Day,Highest Price of the Day,Closing Price,Previous Day Closing Price,Volume Traded
20140617,Lowest Price of the Day,Highest Price of the Day,Closing Price,Previous Day Closing Price,Volume Traded
20140618,Lowest Price of the Day,Highest Price of the Day,Closing Price,Previous Day Closing Price,Volume Traded
20140619,Lowest Price of the Day,Highest Price of the Day,Closing Price,Previous Day Closing Price,Volume Traded
20140620,Lowest Price of the Day,Highest Price of the Day,Closing Price,Previous Day Closing Price,Volume Traded
20140623,Lowest Price of the Day,Highest Price of the Day,Closing Price,Previous Day Closing Price,Volume Traded
20140624,Lowest Price of the Day,Highest Price of the Day,Closing Price,Previous Day Closing Price,Volume Traded
20140625,Lowest Price of the Day,Highest Price of the Day,Closing Price,Previous Day Closing Price,Volume Traded
20140626,Lowest Price of the Day,Highest Price of the Day,Closing Price,Previous Day Closing Price,Volume Traded
20140627,Lowest Price of the Day,Highest Price of the Day,Closing Price,Previous Day Closing Price,Volume Traded
20140630,Lowest Price of the Day,Highest Price of the Day,Closing Price,Previous Day Closing Price,Volume Traded
20140701,Lowest Price of the Day,Highest Price of the Day,Closing Price,Previous Day Closing Price,Volume Traded
20140702,Lowest Price of the Day,Highest Price of the Day,Closing Price,Previous Day Closing Price,Volume Traded
20140703,Lowest Price of the Day,Highest Price of the Day,Closing Price,Previous Day Closing Price,Volume Traded
20140704,Lowest Price of the Day,Highest Price of the Day,Closing Price,Previous Day Closing Price,Volume Traded
20140707,Lowest Price of the Day,Highest Price of the Day,Closing Price,Previous Day Closing Price,Volume Traded
20140708,Lowest Price of the Day,Highest Price of the Day,Closing Price,Previous Day Closing Price,Volume Traded
20140709,Lowest Price of the Day,Highest Price of the Day,Closing Price,Previous Day Closing Price,Volume Traded
20140710,Lowest Price of the Day,Highest Price of the Day,Closing Price,Previous Day Closing Price,Volume Traded
20140711,Lowest Price of the Day,Highest Price of the Day,Closing Price,Previous Day Closing Price,Volume Traded
20140714,Lowest Price of the Day,Highest Price of the Day,Closing Price,Previous Day Closing Price,Volume Traded
20140715,Lowest Price of the Day,Highest Price of the Day,Closing Price,Previous Day Closing Price,Volume Traded
20140716,Lowest Price of the Day,Highest Price of the Day,Closing Price,Previous Day Closing Price,Volume Traded
20140717,Lowest Price of the Day,Highest Price of the Day,Closing Price,Previous Day Closing Price,Volume Traded
20140718,Lowest Price of the Day,Highest Price of the Day,Closing Price,Previous Day Closing Price,Volume Traded
20140721,Lowest Price of the Day,Highest Price of the Day,Closing Price,Previous Day Closing Price,Volume Traded
20140722,Lowest Price of the Day,Highest Price of the Day,Closing Price,Previous Day Closing Price,Volume Traded
20140723,Lowest Price of the Day,Highest Price of the Day,Closing Price,Previous Day Closing Price,Volume Traded
20140724,Lowest Price of the Day,Highest Price of the Day,Closing Price,Previous Day Closing Price,Volume Traded
20140725,Lowest Price of the Day,Highest Price of the Day,Closing Price,Previous Day Closing Price,Volume Traded
20140728,Lowest Price of the Day,Highest Price of the Day,Closing Price,Previous Day Closing Price,Volume Traded
20140729,Lowest Price of the Day,Highest Price of the Day,Closing Price,Previous Day Closing Price,Volume Traded
20140730,Lowest Price of the Day,Highest Price of the Day,Closing Price,Previous Day Closing Price,Volume Traded
20140731,Lowest Price of the Day,Highest Price of the Day,Closing Price,Previous Day Closing Price,Volume Traded
20140801,Lowest Price of the Day,Highest Price of the Day,Closing Price,Previous Day Closing Price,Volume Traded
20140804,Lowest Price of the Day,Highest Price of the Day,Closing Price,Previous Day Closing Price,Volume Traded
20140805,Lowest Price of the Day,Highest Price of the Day,Closing Price,Previous Day Closing Price,Volume Traded
20140806,Lowest Price of the Day,Highest Price of the Day,Closing Price,Previous Day Closing Price,Volume Traded
20140807,Lowest Price of the Day,Highest Price of the Day,Closing Price,Previous Day Closing Price,Volume Traded
20140808,Lowest Price of the Day,Highest Price of the Day,Closing Price,Previous Day Closing Price,Volume Traded
20140811,Lowest Price of the Day,Highest Price of the Day,Closing Price,Previous Day Closing Price,Volume Traded
20140812,Lowest Price of the Day,Highest Price of the Day,Closing Price,Previous Day Closing Price,Volume Traded
20140813,Lowest Price of the Day,Highest Price of the Day,Closing Price,Previous Day Closing Price,Volume Traded
20140814,Lowest Price of the Day,Highest Price of the Day,Closing Price,Previous Day Closing Price,Volume Traded
20140815,Lowest Price of the Day,Highest Price of the Day,Closing Price,Previous Day Closing Price,Volume Traded
20140818,Lowest Price of the Day,Highest Price of the Day,Closing Price,Previous Day Closing Price,Volume Traded
20140819,Lowest Price of the Day,Highest Price of the Day,Closing Price,Previous Day Closing Price,Volume Traded
20140820,Lowest Price of the Day,Highest Price of the Day,Closing Price,Previous Day Closing Price,Volume Traded
20140821,Lowest Price of the Day,Highest Price of the Day,Closing Price,Previous Day Closing Price,Volume Traded
20140822,Lowest Price of the Day,Highest Price of the Day,Closing Price,Previous Day Closing Price,Volume Traded
20140825,Lowest Price of the Day,Highest Price of the Day,Closing Price,Previous Day Closing Price,Volume Traded
20140826,Lowest Price of the Day,Highest Price of the Day,Closing Price,Previous Day Closing Price,Volume Traded
20140827,Lowest Price of the Day,Highest Price of the Day,Closing Price,Previous Day Closing Price,Volume Traded
20140828,Lowest Price of the Day,Highest Price of the Day,Closing Price,Previous Day Closing Price,Volume Traded
20140829,Lowest Price of the Day,Highest Price of the Day,Closing Price,Previous Day Closing Price,Volume Traded
20140901,Lowest Price of the Day,Highest Price of the Day,Closing Price,Previous Day Closing Price,Volume Traded
20140902,Lowest Price of the Day,Highest Price of the Day,Closing Price,Previous Day Closing Price,Volume Traded
20140903,Lowest Price of the Day,Highest Price of the Day,Closing Price,Previous Day Closing Price,Volume Traded
20140904,Lowest Price of the Day,Highest Price of the Day,Closing Price,Previous Day Closing Price,Volume Traded
20140905,Lowest Price of the Day,Highest Price of the Day,Closing Price,Previous Day Closing Price,Volume Traded
20140908,Lowest Price of the Day,Highest Price of the Day,Closing Price,Previous Day Closing Price,Volume Traded
20140909,Lowest Price of the Day,Highest Price of the Day,Closing Price,Previous Day Closing Price,Volume Traded
20140910,Lowest Price of the Day,Highest Price of the Day,Closing Price,Previous Day Closing Price,Volume Traded
20140911,Lowest Price of the Day,Highest Price of the Day,Closing Price,Previous Day Closing Price,Volume Traded
20140912,Lowest Price of the Day,Highest Price of the Day,Closing Price,Previous Day Closing Price,Volume Traded
20140915,Lowest Price of the Day,Highest Price of the Day,Closing Price,Previous Day Closing Price,Volume Traded
20140916,Lowest Price of the Day,Highest Price of the Day,Closing Price,Previous Day Closing Price,Volume Traded
20140917,Lowest Price of the Day,Highest Price of the Day,Closing Price,Previous Day Closing Price,Volume Traded
20140918,Lowest Price of the Day,Highest Price of the Day,Closing Price,Previous Day Closing Price,Volume Traded
20140919,Lowest Price of the Day,Highest Price of the Day,Closing Price,Previous Day Closing Price,Volume Traded
20140922,Lowest Price of the Day,Highest Price of the Day,Closing Price,Previous Day Closing Price,Volume Traded
20140923,Lowest Price of the Day,Highest Price of the Day,Closing Price,Previous Day Closing Price,Volume Traded
20140924,Lowest Price of the Day,Highest Price of the Day,Closing Price,Previous Day Closing Price,Volume Traded
20140925,Lowest Price of the Day,Highest Price of the Day,Closing Price,Previous Day Closing Price,Volume Traded
20140926,Lowest Price of the Day,Highest Price of the Day,Closing Price,Previous Day Closing Price,Volume Traded
20140929,Lowest Price of the Day,Highest Price of the Day,Closing Price,Previous Day Closing Price,Volume Traded
20140930,Lowest Price of the Day,Highest Price of the Day,Closing Price,Previous Day Closing Price,Volume Traded
20141001,Lowest Price of the Day,Highest Price of the Day,Closing Price,Previous Day Closing Price,Volume Traded
20141002,Lowest Price of the Day,Highest Price of the Day,Closing Price,Previous Day Closing Price,Volume Traded
20141003,Lowest Price of the Day,Highest Price of the Day,Closing Price,Previous Day Closing Price,Volume Traded
20141006,Lowest Price of the Day,Highest Price of the Day,Closing Price,Previous Day Closing Price,Volume Traded
20141007,Lowest Price of the Day,Highest Price of the Day,Closing Price,Previous Day Closing Price,Volume Traded
20141008,Lowest Price of the Day,Highest Price of the Day,Closing Price,Previous Day Closing Price,Volume Traded
20141009,Lowest Price of the Day,Highest Price of the Day,Closing Price,Previous Day Closing Price,Volume Traded
20141010,Lowest Price of the Day,Highest Price of the Day,Closing Price,Previous Day Closing Price,Volume Traded
20141013,Lowest Price of the Day,Highest Price of the Day,Closing Price,Previous Day Closing Price,Volume Traded
20141014,Lowest Price of the Day,Highest Price of the Day,Closing Price,Previous Day Closing Price,Volume Traded
20141015,Lowest Price of the Day,Highest Price of the Day,Closing Price,Previous Day Closing Price,Volume Traded
20141016,Lowest Price of the Day,Highest Price of the Day,Closing Price,Previous Day Closing Price,Volume Traded
20141017,Lowest Price of the Day,Highest Price of the Day,Closing Price,Previous Day Closing Price,Volume Traded
20141021,Lowest Price of the Day,Highest Price of the Day,Closing Price,Previous Day Closing Price,Volume Traded
20141022,Lowest Price of the Day,Highest Price of the Day,Closing Price,Previous Day Closing Price,Volume Traded
20141023,Lowest Price of the Day,Highest Price of the Day,Closing Price,Previous Day Closing Price,Volume Traded
20141024,Lowest Price of the Day,Highest Price of the Day,Closing Price,Previous Day Closing Price,Volume Traded
20141027,Lowest Price of the Day,Highest Price of the Day,Closing Price,Previous Day Closing Price,Volume Traded
20141028,Lowest Price of the Day,Highest Price of the Day,Closing Price,Previous Day Closing Price,Volume Traded
20141029,Lowest Price of the Day,Highest Price of the Day,Closing Price,Previous Day Closing Price,Volume Traded
20141030,Lowest Price of the Day,Highest Price of the Day,Closing Price,Previous Day Closing Price,Volume Traded
20141031,Lowest Price of the Day,Highest Price of the Day,Closing Price,Previous Day Closing Price,Volume Traded
20141103,Lowest Price of the Day,Highest Price of the Day,Closing Price,Previous Day Closing Price,Volume Traded
20141104,Lowest Price of the Day,Highest Price of the Day,Closing Price,Previous Day Closing Price,Volume Traded
20141105,Lowest Price of the Day,Highest Price of the Day,Closing Price,Previous Day Closing Price,Volume Traded
20141106,Lowest Price of the Day,Highest Price of the Day,Closing Price,Previous Day Closing Price,Volume Traded
20141107,Lowest Price of the Day,Highest Price of the Day,Closing Price,Previous Day Closing Price,Volume Traded
20141110,Lowest Price of the Day,Highest Price of the Day,Closing Price,Previous Day Closing Price,Volume Traded
20141111,Lowest Price of the Day,Highest Price of the Day,Closing Price,Previous Day Closing Price,Volume Traded
20141112,Lowest Price of the Day,Highest Price of the Day,Closing Price,Previous Day Closing Price,Volume Traded
20141113,Lowest Price of the Day,Highest Price of the Day,Closing Price,Previous Day Closing Price,Volume Traded
20141114,Lowest Price of the Day,Highest Price of the Day,Closing Price,Previous Day Closing Price,Volume Traded
20141117,Lowest Price of the Day,Highest Price of the Day,Closing Price,Previous Day Closing Price,Volume Traded
20141118,Lowest Price of the Day,Highest Price of the Day,Closing Price,Previous Day Closing Price,Volume Traded
20141119,Lowest Price of the Day,Highest Price of the Day,Closing Price,Previous Day Closing Price,Volume Traded
20141120,Lowest Price of the Day,Highest Price of the Day,Closing Price,Previous Day Closing Price,Volume Traded
20141121,Lowest Price of the Day,Highest Price of the Day,Closing Price,Previous Day Closing Price,Volume Traded
20141124,Lowest Price of the Day,Highest Price of the Day,Closing Price,Previous Day Closing Price,Volume Traded
20141125,Lowest Price of the Day,Highest Price of the Day,Closing Price,Previous Day Closing Price,Volume Traded
20141126,Lowest Price of the Day,Highest Price of the Day,Closing Price,Previous Day Closing Price,Volume Traded
20141127,Lowest Price of the Day,Highest Price of the Day,Closing Price,Previous Day Closing Price,Volume Traded
20141128,Lowest Price of the Day,Highest Price of the Day,Closing Price,Previous Day Closing Price,Volume Traded
20141201,Lowest Price of the Day,Highest Price of the Day,Closing Price,Previous Day Closing Price,Volume Traded
20141202,Lowest Price of the Day,Highest Price of the Day,Closing Price,Previous Day Closing Price,Volume Traded
20141203,Lowest Price of the Day,Highest Price of the Day,Closing Price,Previous Day Closing Price,Volume Traded
20141204,Lowest Price of the Day,Highest Price of the Day,Closing Price,Previous Day Closing Price,Volume Traded
20141205,Lowest Price of the Day,Highest Price of the Day,Closing Price,Previous Day Closing Price,Volume Traded
20141208,Lowest Price of the Day,Highest Price of the Day,Closing Price,Previous Day Closing Price,Volume Traded
20141209,Lowest Price of the Day,Highest Price of the Day,Closing Price,Previous Day Closing Price,Volume Traded
20141210,Lowest Price of the Day,Highest Price of the Day,Closing Price,Previous Day Closing Price,Volume Traded
20141211,Lowest Price of the Day,Highest Price of the Day,Closing Price,Previous Day Closing Price,Volume Traded
20141215,Lowest Price of the Day,Highest Price of the Day,Closing Price,Previous Day Closing Price,Volume Traded
20141216,Lowest Price of the Day,Highest Price of the Day,Closing Price,Previous Day Closing Price,Volume Traded
20141217,Lowest Price of the Day,Highest Price of the Day,Closing Price,Previous Day Closing Price,Volume Traded
20141218,Lowest Price of the Day,Highest Price of the Day,Closing Price,Previous Day Closing Price,Volume Traded
20141219,Lowest Price of the Day,Highest Price of the Day,Closing Price,Previous Day Closing Price,Volume Traded
20141222,Lowest Price of the Day,Highest Price of the Day,Closing Price,Previous Day Closing Price,Volume Traded
20141223,Lowest Price of the Day,Highest Price of the Day,Closing Price,Previous Day Closing Price,Volume Traded
20141224,Lowest Price of the Day,Highest Price of the Day,Closing Price,Previous Day Closing Price,Volume Traded
20141229,Lowest Price of the Day,Highest Price of the Day,Closing Price,Previous Day Closing Price,Volume Traded
20141230,Lowest Price of the Day,Highest Price of the Day,Closing Price,Previous Day Closing Price,Volume Traded
20141231,Lowest Price of the Day,Highest Price of the Day,Closing Price,Previous Day Closing Price,Volume Traded
20140102,Lowest Price of the Day,Highest Price of the Day,Closing Price,Previous Day Closing Price,Volume Traded
20140103,Lowest Price of the Day,Highest Price of the Day,Closing Price,Previous Day Closing Price,Volume Traded
20140106,Lowest Price of the Day,Highest Price of the Day,Closing Price,Previous Day Closing Price,Volume Traded
20140107,Lowest Price of the Day,Highest Price of the Day,Closing Price,Previous Day Closing Price,Volume Traded
20140108,Lowest Price of the Day,Highest Price of the Day,Closing Price,Previous Day Closing Price,Volume Traded
20140109,Lowest Price of the Day,Highest Price of the Day,Closing Price,Previous Day Closing Price,Volume Traded
20140110,Lowest Price of the Day,Highest Price of the Day,Closing Price,Previous Day Closing Price,Volume Traded
20140113,Lowest Price of the Day,Highest Price of the Day,Closing Price,Previous Day Closing Price,Volume Traded
20140114,Lowest Price of the Day,Highest Price of the Day,Closing Price,Previous Day Closing Price,Volume Traded
20140115,Lowest Price of the Day,Highest Price of the Day,Closing Price,Previous Day Closing Price,Volume Traded
20140116,Lowest Price of the Day,Highest Price of the Day,Closing Price,Previous Day Closing Price,Volume Traded
20140117,Lowest Price of the Day,Highest Price of the Day,Closing Price,Previous Day Closing Price,Volume Traded
20140120,Lowest Price of the Day,Highest Price of the Day,Closing Price,Previous Day Closing Price,Volume Traded
20140121,Lowest Price of the Day,Highest Price of the Day,Closing Price,Previous Day Closing Price,Volume Traded
20140122,Lowest Price of the Day,Highest Price of the Day,Closing Price,Previous Day Closing Price,Volume Traded
20140123,Lowest Price of the Day,Highest Price of the Day,Closing Price,Previous Day Closing Price,Volume Traded
20140124,Lowest Price of the Day,Highest Price of the Day,Closing Price,Previous Day Closing Price,Volume Traded
20140127,Lowest Price of the Day,Highest Price of the Day,Closing Price,Previous Day Closing Price,Volume Traded
20140128,Lowest Price of the Day,Highest Price of the Day,Closing Price,Previous Day Closing Price,Volume Traded
20140129,Lowest Price of the Day,Highest Price of the Day,Closing Price,Previous Day Closing Price,Volume Traded
20140130,Lowest Price of the Day,Highest Price of the Day,Closing Price,Previous Day Closing Price,Volume Traded
20140131,Lowest Price of the Day,Highest Price of the Day,Closing Price,Previous Day Closing Price,Volume Traded
20140102,Lowest Price of the Day,Highest Price of the Day,Closing Price,Previous Day Closing Price,Volume Traded
20140103,Lowest Price of the Day,Highest Price of the Day,Closing Price,Previous Day Closing Price,Volume Traded
20140106,Lowest Price of the Day,Highest Price of the Day,Closing Price,Previous Day Closing Price,Volume Traded
20140107,Lowest Price of the Day,Highest Price of the Day,Closing Price,Previous Day Closing Price,Volume Traded
20140108,Lowest Price of the Day,Highest Price of the Day,Closing Price,Previous Day Closing Price,Volume Traded
20140109,Lowest Price of the Day,Highest Price of the Day,Closing Price,Previous Day Closing Price,Volume Traded
20140110,Lowest Price of the Day,Highest Price of the Day,Closing Price,Previous Day Closing Price,Volume Traded
20140113,Lowest Price of the Day,Highest Price of the Day,Closing Price,Previous Day Closing Price,Volume Traded
20140114,Lowest Price of the Day,Highest Price of the Day,Closing Price,Previous Day Closing Price,Volume Traded
20140115,Lowest Price of the Day,Highest Price of the Day,Closing Price,Previous Day Closing Price,Volume Traded
20140116,Lowest Price of the Day,Highest Price of the Day,Closing Price,Previous Day Closing Price,Volume Traded
20140117,Lowest Price of the Day,Highest Price of the Day,Closing Price,Previous Day Closing Price,Volume Traded
20140120,Lowest Price of the Day,Highest Price of the Day,Closing Price,Previous Day Closing Price,Volume Traded
20140121,Lowest Price of the Day,Highest Price of the Day,Closing Price,Previous Day Closing Price,Volume Traded
20140122,Lowest Price of the Day,Highest Price of the Day,Closing Price,Previous Day Closing Price,Volume Traded
20140123,Lowest Price of the Day,Highest Price of the Day,Closing Price,Previous Day Closing Price,Volume Traded
20140124,Lowest Price of the Day,Highest Price of the Day,Closing Price,Previous Day Closing Price,Volume Traded
20140127,Lowest Price of the Day,Highest Price of the Day,Closing Price,Previous Day Closing Price,Volume Traded
20140128,Lowest Price of the Day,Highest Price of the Day,Closing Price,Previous Day Closing Price,Volume Traded
20140129,Lowest Price of the Day,Highest Price of the Day,Closing Price,Previous Day Closing Price,Volume Traded
20140130,Lowest Price of the Day,Highest Price of the Day,Closing Price,Previous Day Closing Price,Volume Traded
20140131,Lowest Price of the Day,Highest Price of the Day,Closing Price,Previous Day Closing Price,Volume Traded
20140203,Lowest Price of the Day,Highest Price of the Day,Closing Price,Previous Day Closing Price,Volume Traded
20140204,Lowest Price of the Day,Highest Price of the Day,Closing Price,Previous Day Closing Price,Volume Traded
20140205,Lowest Price of the Day,Highest Price of the Day,Closing Price,Previous Day Closing Price,Volume Traded
20140206,Lowest Price of the Day,Highest Price of the Day,Closing Price,Previous Day Closing Price,Volume Traded
20140207,Lowest Price of the Day,Highest Price of the Day,Closing Price,Previous Day Closing Price,Volume Traded
20140210,Lowest Price of the Day,Highest Price of the Day,Closing Price,Previous Day Closing Price,Volume Traded
20140211,Lowest Price of the Day,Highest Price of the Day,Closing Price,Previous Day Closing Price,Volume Traded
20140212,Lowest Price of the Day,Highest Price of the Day,Closing Price,Previous Day Closing Price,Volume Traded
20140213,Lowest Price of the Day,Highest Price of the Day,Closing Price,Previous Day Closing Price,Volume Traded
20140214,Lowest Price of the Day,Highest Price of the Day,Closing Price,Previous Day Closing Price,Volume Traded
20140217,Lowest Price of the Day,Highest Price of the Day,Closing Price,Previous Day Closing Price,Volume Traded
20140218,Lowest Price of the Day,Highest Price of the Day,Closing Price,Previous Day Closing Price,Volume Traded
20140219,Lowest Price of the Day,Highest Price of the Day,Closing Price,Previous Day Closing Price,Volume Traded
20140220,Lowest Price of the Day,Highest Price of the Day,Closing Price,Previous Day Closing Price,Volume Traded
20140221,Lowest Price of the Day,Highest Price of the Day,Closing Price,Previous Day Closing Price,Volume Traded
20140224,Lowest Price of the Day,Highest Price of the Day,Closing Price,Previous Day Closing Price,Volume Traded
20140225,Lowest Price of the Day,Highest Price of the Day,Closing Price,Previous Day Closing Price,Volume Traded
20140226,Lowest Price of the Day,Highest Price of the Day,Closing Price,Previous Day Closing Price,Volume Traded
20140227,Lowest Price of the Day,Highest Price of the Day,Closing Price,Previous Day Closing Price,Volume Traded
20140228,Lowest Price of the Day,Highest Price of the Day,Closing Price,Previous Day Closing Price,Volume Traded
20140203,Lowest Price of the Day,Highest Price of the Day,Closing Price,Previous Day Closing Price,Volume Traded
20140204,Lowest Price of the Day,Highest Price of the Day,Closing Price,Previous Day Closing Price,Volume Traded
20140205,Lowest Price of the Day,Highest Price of the Day,Closing Price,Previous Day Closing Price,Volume Traded
20140206,Lowest Price of the Day,Highest Price of the Day,Closing Price,Previous Day Closing Price,Volume Traded
20140207,Lowest Price of the Day,Highest Price of the Day,Closing Price,Previous Day Closing Price,Volume Traded
20140210,Lowest Price of the Day,Highest Price of the Day,Closing Price,Previous Day Closing Price,Volume Traded
20140211,Lowest Price of the Day,Highest Price of the Day,Closing Price,Previous Day Closing Price,Volume Traded
20140212,Lowest Price of the Day,Highest Price of the Day,Closing Price,Previous Day Closing Price,Volume Traded
20140213,Lowest Price of the Day,Highest Price of the Day,Closing Price,Previous Day Closing Price,Volume Traded
20140214,Lowest Price of the Day,Highest Price of the Day,Closing Price,Previous Day Closing Price,Volume Traded
20140217,Lowest Price of the Day,Highest Price of the Day,Closing Price,Previous Day Closing Price,Volume Traded
20140218,Lowest Price of the Day,Highest Price of the Day,Closing Price,Previous Day Closing Price,Volume Traded
20140219,Lowest Price of the Day,Highest Price of the Day,Closing Price,Previous Day Closing Price,Volume Traded
20140220,Lowest Price of the Day,Highest Price of the Day,Closing Price,Previous Day Closing Price,Volume Traded
20140221,Lowest Price of the Day,Highest Price of the Day,Closing Price,Previous Day Closing Price,Volume Traded
20140224,Lowest Price of the Day,Highest Price of the Day,Closing Price,Previous Day Closing Price,Volume Traded
20140225,Lowest Price of the Day,Highest Price of the Day,Closing Price,Previous Day Closing Price,Volume Traded
20140226,Lowest Price of the Day,Highest Price of the Day,Closing Price,Previous Day Closing Price,Volume Traded
20140227,Lowest Price of the Day,Highest Price of the Day,Closing Price,Previous Day Closing Price,Volume Traded
20140228,Lowest Price of the Day,Highest Price of the Day,Closing Price,Previous Day Closing Price,Volume Traded
20140303,Lowest Price of the Day,Highest Price of the Day,Closing Price,Previous Day Closing Price,Volume Traded
20140304,Lowest Price of the Day,Highest Price of the Day,Closing Price,Previous Day Closing Price,Volume Traded
20140305,Lowest Price of the Day,Highest Price of the Day,Closing Price,Previous Day Closing Price,Volume Traded
20140306,Lowest Price of the Day,Highest Price of the Day,Closing Price,Previous Day Closing Price,Volume Traded
20140307,Lowest Price of the Day,Highest Price of the Day,Closing Price,Previous Day Closing Price,Volume Traded
20140310,Lowest Price of the Day,Highest Price of the Day,Closing Price,Previous Day Closing Price,Volume Traded
20140311,Lowest Price of the Day,Highest Price of the Day,Closing Price,Previous Day Closing Price,Volume Traded
20140312,Lowest Price of the Day,Highest Price of the Day,Closing Price,Previous Day Closing Price,Volume Traded
20140313,Lowest Price of the Day,Highest Price of the Day,Closing Price,Previous Day Closing Price,Volume Traded
20140314,Lowest Price of the Day,Highest Price of the Day,Closing Price,Previous Day Closing Price,Volume Traded
20140317,Lowest Price of the Day,Highest Price of the Day,Closing Price,Previous Day Closing Price,Volume Traded
20140318,Lowest Price of the Day,Highest Price of the Day,Closing Price,Previous Day Closing Price,Volume Traded
20140319,Lowest Price of the Day,Highest Price of the Day,Closing Price,Previous Day Closing Price,Volume Traded
20140320,Lowest Price of the Day,Highest Price of the Day,Closing Price,Previous Day Closing Price,Volume Traded
20140321,Lowest Price of the Day,Highest Price of the Day,Closing Price,Previous Day Closing Price,Volume Traded
20140324,Lowest Price of the Day,Highest Price of the Day,Closing Price,Previous Day Closing Price,Volume Traded
20140325,Lowest Price of the Day,Highest Price of the Day,Closing Price,Previous Day Closing Price,Volume Traded
20140326,Lowest Price of the Day,Highest Price of the Day,Closing Price,Previous Day Closing Price,Volume Traded
20140327,Lowest Price of the Day,Highest Price of the Day,Closing Price,Previous Day Closing Price,Volume Traded
20140328,Lowest Price of the Day,Highest Price of the Day,Closing Price,Previous Day Closing Price,Volume Traded
20140331,Lowest Price of the Day,Highest Price of the Day,Closing Price,Previous Day Closing Price,Volume Traded
20140303,Lowest Price of the Day,Highest Price of the Day,Closing Price,Previous Day Closing Price,Volume Traded
20140304,Lowest Price of the Day,Highest Price of the Day,Closing Price,Previous Day Closing Price,Volume Traded
20140305,Lowest Price of the Day,Highest Price of the Day,Closing Price,Previous Day Closing Price,Volume Traded
20140306,Lowest Price of the Day,Highest Price of the Day,Closing Price,Previous Day Closing Price,Volume Traded
20140307,Lowest Price of the Day,Highest Price of the Day,Closing Price,Previous Day Closing Price,Volume Traded
20140310,Lowest Price of the Day,Highest Price of the Day,Closing Price,Previous Day Closing Price,Volume Traded
20140311,Lowest Price of the Day,Highest Price of the Day,Closing Price,Previous Day Closing Price,Volume Traded
20140312,Lowest Price of the Day,Highest Price of the Day,Closing Price,Previous Day Closing Price,Volume Traded
20140313,Lowest Price of the Day,Highest Price of the Day,Closing Price,Previous Day Closing Price,Volume Traded
20140314,Lowest Price of the Day,Highest Price of the Day,Closing Price,Previous Day Closing Price,Volume Traded
20140317,Lowest Price of the Day,Highest Price of the Day,Closing Price,Previous Day Closing Price,Volume Traded
20140318,Lowest Price of the Day,Highest Price of the Day,Closing Price,Previous Day Closing Price,Volume Traded
20140319,Lowest Price of the Day,Highest Price of the Day,Closing Price,Previous Day Closing Price,Volume Traded
20140320,Lowest Price of the Day,Highest Price of the Day,Closing Price,Previous Day Closing Price,Volume Traded
20140321,Lowest Price of the Day,Highest Price of the Day,Closing Price,Previous Day Closing Price,Volume Traded
20140324,Lowest Price of the Day,Highest Price of the Day,Closing Price,Previous Day Closing Price,Volume Traded
20140325,Lowest Price of the Day,Highest Price of the Day,Closing Price,Previous Day Closing Price,Volume Traded
20140326,Lowest Price of the Day,Highest Price of the Day,Closing Price,Previous Day Closing Price,Volume Traded
20140327,Lowest Price of the Day,Highest Price of the Day,Closing Price,Previous Day Closing Price,Volume Traded
20140328,Lowest Price of the Day,Highest Price of the Day,Closing Price,Previous Day Closing Price,Volume Traded
20140331,Lowest Price of the Day,Highest Price of the Day,Closing Price,Previous Day Closing Price,Volume Traded
20140401,Lowest Price of the Day,Highest Price of the Day,Closing Price,Previous Day Closing Price,Volume Traded
20140402,Lowest Price of the Day,Highest Price of the Day,Closing Price,Previous Day Closing Price,Volume Traded
20140403,Lowest Price of the Day,Highest Price of the Day,Closing Price,Previous Day Closing Price,Volume Traded
20140404,Lowest Price of the Day,Highest Price of the Day,Closing Price,Previous Day Closing Price,Volume Traded
20140407,Lowest Price of the Day,Highest Price of the Day,Closing Price,Previous Day Closing Price,Volume Traded
20140408,Lowest Price of the Day,Highest Price of the Day,Closing Price,Previous Day Closing Price,Volume Traded
20140409,Lowest Price of the Day,Highest Price of the Day,Closing Price,Previous Day Closing Price,Volume Traded
20140410,Lowest Price of the Day,Highest Price of the Day,Closing Price,Previous Day Closing Price,Volume Traded
20140411,Lowest Price of the Day,Highest Price of the Day,Closing Price,Previous Day Closing Price,Volume Traded
20140414,Lowest Price of the Day,Highest Price of the Day,Closing Price,Previous Day Closing Price,Volume Traded
20140415,Lowest Price of the Day,Highest Price of the Day,Closing Price,Previous Day Closing Price,Volume Traded
20140416,Lowest Price of the Day,Highest Price of the Day,Closing Price,Previous Day Closing Price,Volume Traded
20140417,Lowest Price of the Day,Highest Price of the Day,Closing Price,Previous Day Closing Price,Volume Traded
20140422,Lowest Price of the Day,Highest Price of the Day,Closing Price,Previous Day Closing Price,Volume Traded
20140423,Lowest Price of the Day,Highest Price of the Day,Closing Price,Previous Day Closing Price,Volume Traded
20140424,Lowest Price of the Day,Highest Price of the Day,Closing Price,Previous Day Closing Price,Volume Traded
20140425,Lowest Price of the Day,Highest Price of the Day,Closing Price,Previous Day Closing Price,Volume Traded
20140428,Lowest Price of the Day,Highest Price of the Day,Closing Price,Previous Day Closing Price,Volume Traded
20140429,Lowest Price of the Day,Highest Price of the Day,Closing Price,Previous Day Closing Price,Volume Traded
20140430,Lowest Price of the Day,Highest Price of the Day,Closing Price,Previous Day Closing Price,Volume Traded
20140401,Lowest Price of the Day,Highest Price of the Day,Closing Price,Previous Day Closing Price,Volume Traded
20140402,Lowest Price of the Day,Highest Price of the Day,Closing Price,Previous Day Closing Price,Volume Traded
20140403,Lowest Price of the Day,Highest Price of the Day,Closing Price,Previous Day Closing Price,Volume Traded
20140404,Lowest Price of the Day,Highest Price of the Day,Closing Price,Previous Day Closing Price,Volume Traded
20140407,Lowest Price of the Day,Highest Price of the Day,Closing Price,Previous Day Closing Price,Volume Traded
20140408,Lowest Price of the Day,Highest Price of the Day,Closing Price,Previous Day Closing Price,Volume Traded
20140409,Lowest Price of the Day,Highest Price of the Day,Closing Price,Previous Day Closing Price,Volume Traded
20140410,Lowest Price of the Day,Highest Price of the Day,Closing Price,Previous Day Closing Price,Volume Traded
20140411,Lowest Price of the Day,Highest Price of the Day,Closing Price,Previous Day Closing Price,Volume Traded
20140414,Lowest Price of the Day,Highest Price of the Day,Closing Price,Previous Day Closing Price,Volume Traded
20140415,Lowest Price of the Day,Highest Price of the Day,Closing Price,Previous Day Closing Price,Volume Traded
20140416,Lowest Price of the Day,Highest Price of the Day,Closing Price,Previous Day Closing Price,Volume Traded
20140417,Lowest Price of the Day,Highest Price of the Day,Closing Price,Previous Day Closing Price,Volume Traded
20140422,Lowest Price of the Day,Highest Price of the Day,Closing Price,Previous Day Closing Price,Volume Traded
20140423,Lowest Price of the Day,Highest Price of the Day,Closing Price,Previous Day Closing Price,Volume Traded
20140424,Lowest Price of the Day,Highest Price of the Day,Closing Price,Previous Day Closing Price,Volume Traded
20140425,Lowest Price of the Day,Highest Price of the Day,Closing Price,Previous Day Closing Price,Volume Traded
20140428,Lowest Price of the Day,Highest Price of the Day,Closing Price,Previous Day Closing Price,Volume Traded
20140429,Lowest Price of the Day,Highest Price of the Day,Closing Price,Previous Day Closing Price,Volume Traded
20140430,Lowest Price of the Day,Highest Price of the Day,Closing Price,Previous Day Closing Price,Volume Traded
20140502,Lowest Price of the Day,Highest Price of the Day,Closing Price,Previous Day Closing Price,Volume Traded
20140505,Lowest Price of the Day,Highest Price of the Day,Closing Price,Previous Day Closing Price,Volume Traded
20140506,Lowest Price of the Day,Highest Price of the Day,Closing Price,Previous Day Closing Price,Volume Traded
20140507,Lowest Price of the Day,Highest Price of the Day,Closing Price,Previous Day Closing Price,Volume Traded
20140508,Lowest Price of the Day,Highest Price of the Day,Closing Price,Previous Day Closing Price,Volume Traded
20140509,Lowest Price of the Day,Highest Price of the Day,Closing Price,Previous Day Closing Price,Volume Traded
20140512,Lowest Price of the Day,Highest Price of the Day,Closing Price,Previous Day Closing Price,Volume Traded
20140513,Lowest Price of the Day,Highest Price of the Day,Closing Price,Previous Day Closing Price,Volume Traded
20140514,Lowest Price of the Day,Highest Price of the Day,Closing Price,Previous Day Closing Price,Volume Traded
20140515,Lowest Price of the Day,Highest Price of the Day,Closing Price,Previous Day Closing Price,Volume Traded
20140516,Lowest Price of the Day,Highest Price of the Day,Closing Price,Previous Day Closing Price,Volume Traded
20140519,Lowest Price of the Day,Highest Price of the Day,Closing Price,Previous Day Closing Price,Volume Traded
20140520,Lowest Price of the Day,Highest Price of the Day,Closing Price,Previous Day Closing Price,Volume Traded
20140521,Lowest Price of the Day,Highest Price of the Day,Closing Price,Previous Day Closing Price,Volume Traded
20140522,Lowest Price of the Day,Highest Price of the Day,Closing Price,Previous Day Closing Price,Volume Traded
20140523,Lowest Price of the Day,Highest Price of the Day,Closing Price,Previous Day Closing Price,Volume Traded
20140526,Lowest Price of the Day,Highest Price of the Day,Closing Price,Previous Day Closing Price,Volume Traded
20140527,Lowest Price of the Day,Highest Price of the Day,Closing Price,Previous Day Closing Price,Volume Traded
20140528,Lowest Price of the Day,Highest Price of the Day,Closing Price,Previous Day Closing Price,Volume Traded
20140529,Lowest Price of the Day,Highest Price of the Day,Closing Price,Previous Day Closing Price,Volume Traded
20140530,Lowest Price of the Day,Highest Price of the Day,Closing Price,Previous Day Closing Price,Volume Traded
20140502,Lowest Price of the Day,Highest Price of the Day,Closing Price,Previous Day Closing Price,Volume Traded
20140505,Lowest Price of the Day,Highest Price of the Day,Closing Price,Previous Day Closing Price,Volume Traded
20140506,Lowest Price of the Day,Highest Price of the Day,Closing Price,Previous Day Closing Price,Volume Traded
20140507,Lowest Price of the Day,Highest Price of the Day,Closing Price,Previous Day Closing Price,Volume Traded
20140508,Lowest Price of the Day,Highest Price of the Day,Closing Price,Previous Day Closing Price,Volume Traded
20140509,Lowest Price of the Day,Highest Price of the Day,Closing Price,Previous Day Closing Price,Volume Traded
20140512,Lowest Price of the Day,Highest Price of the Day,Closing Price,Previous Day Closing Price,Volume Traded
20140513,Lowest Price of the Day,Highest Price of the Day,Closing Price,Previous Day Closing Price,Volume Traded
20140514,Lowest Price of the Day,Highest Price of the Day,Closing Price,Previous Day Closing Price,Volume Traded
20140515,Lowest Price of the Day,Highest Price of the Day,Closing Price,Previous Day Closing Price,Volume Traded
20140516,Lowest Price of the Day,Highest Price of the Day,Closing Price,Previous Day Closing Price,Volume Traded
20140519,Lowest Price of the Day,Highest Price of the Day,Closing Price,Previous Day Closing Price,Volume Traded
20140520,Lowest Price of the Day,Highest Price of the Day,Closing Price,Previous Day Closing Price,Volume Traded
20140521,Lowest Price of the Day,Highest Price of the Day,Closing Price,Previous Day Closing Price,Volume Traded
20140522,Lowest Price of the Day,Highest Price of the Day,Closing Price,Previous Day Closing Price,Volume Traded
20140523,Lowest Price of the Day,Highest Price of the Day,Closing Price,Previous Day Closing Price,Volume Traded
20140526,Lowest Price of the Day,Highest Price of the Day,Closing Price,Previous Day Closing Price,Volume Traded
20140527,Lowest Price of the Day,Highest Price of the Day,Closing Price,Previous Day Closing Price,Volume Traded
20140528,Lowest Price of the Day,Highest Price of the Day,Closing Price,Previous Day Closing Price,Volume Traded
20140529,Lowest Price of the Day,Highest Price of the Day,Closing Price,Previous Day Closing Price,Volume Traded
20140530,Lowest Price of the Day,Highest Price of the Day,Closing Price,Previous Day Closing Price,Volume Traded
20140603,Lowest Price of the Day,Highest Price of the Day,Closing Price,Previous Day Closing Price,Volume Traded
20140604,Lowest Price of the Day,Highest Price of the Day,Closing Price,Previous Day Closing Price,Volume Traded
20140605,Lowest Price of the Day,Highest Price of the Day,Closing Price,Previous Day Closing Price,Volume Traded
20140606,Lowest Price of the Day,Highest Price of the Day,Closing Price,Previous Day Closing Price,Volume Traded
20140609,Lowest Price of the Day,Highest Price of the Day,Closing Price,Previous Day Closing Price,Volume Traded
20140610,Lowest Price of the Day,Highest Price of the Day,Closing Price,Previous Day Closing Price,Volume Traded
20140611,Lowest Price of the Day,Highest Price of the Day,Closing Price,Previous Day Closing Price,Volume Traded
20140612,Lowest Price of the Day,Highest Price of the Day,Closing Price,Previous Day Closing Price,Volume Traded
20140613,Lowest Price of the Day,Highest Price of the Day,Closing Price,Previous Day Closing Price,Volume Traded
20140616,Lowest Price of the Day,Highest Price of the Day,Closing Price,Previous Day Closing Price,Volume Traded
20140617,Lowest Price of the Day,Highest Price of the Day,Closing Price,Previous Day Closing Price,Volume Traded
20140618,Lowest Price of the Day,Highest Price of the Day,Closing Price,Previous Day Closing Price,Volume Traded
20140619,Lowest Price of the Day,Highest Price of the Day,Closing Price,Previous Day Closing Price,Volume Traded
20140620,Lowest Price of the Day,Highest Price of the Day,Closing Price,Previous Day Closing Price,Volume Traded
20140623,Lowest Price of the Day,Highest Price of the Day,Closing Price,Previous Day Closing Price,Volume Traded
20140624,Lowest Price of the Day,Highest Price of the Day,Closing Price,Previous Day Closing Price,Volume Traded
20140625,Lowest Price of the Day,Highest Price of the Day,Closing Price,Previous Day Closing Price,Volume Traded
20140626,Lowest Price of the Day,Highest Price of the Day,Closing Price,Previous Day Closing Price,Volume Traded
20140627,Lowest Price of the Day,Highest Price of the Day,Closing Price,Previous Day Closing Price,Volume Traded
20140630,Lowest Price of the Day,Highest Price of the Day,Closing Price,Previous Day Closing Price,Volume Traded
20140603,Lowest Price of the Day,Highest Price of the Day,Closing Price,Previous Day Closing Price,Volume Traded
20140604,Lowest Price of the Day,Highest Price of the Day,Closing Price,Previous Day Closing Price,Volume Traded
20140605,Lowest Price of the Day,Highest Price of the Day,Closing Price,Previous Day Closing Price,Volume Traded
20140606,Lowest Price of the Day,Highest Price of the Day,Closing Price,Previous Day Closing Price,Volume Traded
20140609,Lowest Price of the Day,Highest Price of the Day,Closing Price,Previous Day Closing Price,Volume Traded
20140610,Lowest Price of the Day,Highest Price of the Day,Closing Price,Previous Day Closing Price,Volume Traded
20140611,Lowest Price of the Day,Highest Price of the Day,Closing Price,Previous Day Closing Price,Volume Traded
20140612,Lowest Price of the Day,Highest Price of the Day,Closing Price,Previous Day Closing Price,Volume Traded
20140613,Lowest Price of the Day,Highest Price of the Day,Closing Price,Previous Day Closing Price,Volume Traded
20140616,Lowest Price of the Day,Highest Price of the Day,Closing Price,Previous Day Closing Price,Volume Traded
20140617,Lowest Price of the Day,Highest Price of the Day,Closing Price,Previous Day Closing Price,Volume Traded
20140618,Lowest Price of the Day,Highest Price of the Day,Closing Price,Previous Day Closing Price,Volume Traded
20140619,Lowest Price of the Day,Highest Price of the Day,Closing Price,Previous Day Closing Price,Volume Traded
20140620,Lowest Price of the Day,Highest Price of the Day,Closing Price,Previous Day Closing Price,Volume Traded
20140623,Lowest Price of the Day,Highest Price of the Day,Closing Price,Previous Day Closing Price,Volume Traded
20140624,Lowest Price of the Day,Highest Price of the Day,Closing Price,Previous Day Closing Price,Volume Traded
20140625,Lowest Price of the Day,Highest Price of the Day,Closing Price,Previous Day Closing Price,Volume Traded
20140626,Lowest Price of the Day,Highest Price of the Day,Closing Price,Previous Day Closing Price,Volume Traded
20140627,Lowest Price of the Day,Highest Price of the Day,Closing Price,Previous Day Closing Price,Volume Traded
20140630,Lowest Price of the Day,Highest Price of the Day,Closing Price,Previous Day Closing Price,Volume Traded
20140701,Lowest Price of the Day,Highest Price of the Day,Closing Price,Previous Day Closing Price,Volume Traded
20140702,Lowest Price of the Day,Highest Price of the Day,Closing Price,Previous Day Closing Price,Volume Traded
20140703,Lowest Price of the Day,Highest Price of the Day,Closing Price,Previous Day Closing Price,Volume Traded
20140704,Lowest Price of the Day,Highest Price of the Day,Closing Price,Previous Day Closing Price,Volume Traded
20140707,Lowest Price of the Day,Highest Price of the Day,Closing Price,Previous Day Closing Price,Volume Traded
20140708,Lowest Price of the Day,Highest Price of the Day,Closing Price,Previous Day Closing Price,Volume Traded
20140709,Lowest Price of the Day,Highest Price of the Day,Closing Price,Previous Day Closing Price,Volume Traded
20140710,Lowest Price of the Day,Highest Price of the Day,Closing Price,Previous Day Closing Price,Volume Traded
20140711,Lowest Price of the Day,Highest Price of the Day,Closing Price,Previous Day Closing Price,Volume Traded
20140714,Lowest Price of the Day,Highest Price of the Day,Closing Price,Previous Day Closing Price,Volume Traded
20140715,Lowest Price of the Day,Highest Price of the Day,Closing Price,Previous Day Closing Price,Volume Traded
20140716,Lowest Price of the Day,Highest Price of the Day,Closing Price,Previous Day Closing Price,Volume Traded
20140717,Lowest Price of the Day,Highest Price of the Day,Closing Price,Previous Day Closing Price,Volume Traded
20140718,Lowest Price of the Day,Highest Price of the Day,Closing Price,Previous Day Closing Price,Volume Traded
20140721,Lowest Price of the Day,Highest Price of the Day,Closing Price,Previous Day Closing Price,Volume Traded
20140722,Lowest Price of the Day,Highest Price of the Day,Closing Price,Previous Day Closing Price,Volume Traded
20140723,Lowest Price of the Day,Highest Price of the Day,Closing Price,Previous Day Closing Price,Volume Traded
20140724,Lowest Price of the Day,Highest Price of the Day,Closing Price,Previous Day Closing Price,Volume Traded
20140725,Lowest Price of the Day,Highest Price of the Day,Closing Price,Previous Day Closing Price,Volume Traded
20140728,Lowest Price of the Day,Highest Price of the Day,Closing Price,Previous Day Closing Price,Volume Traded
20140729,Lowest Price of the Day,Highest Price of the Day,Closing Price,Previous Day Closing Price,Volume Traded
20140730,Lowest Price of the Day,Highest Price of the Day,Closing Price,Previous Day Closing Price,Volume Traded
20140731,Lowest Price of the Day,Highest Price of the Day,Closing Price,Previous Day Closing Price,Volume Traded
20140701,Lowest Price of the Day,Highest Price of the Day,Closing Price,Previous Day Closing Price,Volume Traded
20140702,Lowest Price of the Day,Highest Price of the Day,Closing Price,Previous Day Closing Price,Volume Traded
20140703,Lowest Price of the Day,Highest Price of the Day,Closing Price,Previous Day Closing Price,Volume Traded
20140704,Lowest Price of the Day,Highest Price of the Day,Closing Price,Previous Day Closing Price,Volume Traded
20140707,Lowest Price of the Day,Highest Price of the Day,Closing Price,Previous Day Closing Price,Volume Traded
20140708,Lowest Price of the Day,Highest Price of the Day,Closing Price,Previous Day Closing Price,Volume Traded
20140709,Lowest Price of the Day,Highest Price of the Day,Closing Price,Previous Day Closing Price,Volume Traded
20140710,Lowest Price of the Day,Highest Price of the Day,Closing Price,Previous Day Closing Price,Volume Traded
20140711,Lowest Price of the Day,Highest Price of the Day,Closing Price,Previous Day Closing Price,Volume Traded
20140714,Lowest Price of the Day,Highest Price of the Day,Closing Price,Previous Day Closing Price,Volume Traded
20140715,Lowest Price of the Day,Highest Price of the Day,Closing Price,Previous Day Closing Price,Volume Traded
20140716,Lowest Price of the Day,Highest Price of the Day,Closing Price,Previous Day Closing Price,Volume Traded
20140717,Lowest Price of the Day,Highest Price of the Day,Closing Price,Previous Day Closing Price,Volume Traded
20140718,Lowest Price of the Day,Highest Price of the Day,Closing Price,Previous Day Closing Price,Volume Traded
20140721,Lowest Price of the Day,Highest Price of the Day,Closing Price,Previous Day Closing Price,Volume Traded
20140722,Lowest Price of the Day,Highest Price of the Day,Closing Price,Previous Day Closing Price,Volume Traded
20140723,Lowest Price of the Day,Highest Price of the Day,Closing Price,Previous Day Closing Price,Volume Traded
20140724,Lowest Price of the Day,Highest Price of the Day,Closing Price,Previous Day Closing Price,Volume Traded
20140725,Lowest Price of the Day,Highest Price of the Day,Closing Price,Previous Day Closing Price,Volume Traded
20140728,Lowest Price of the Day,Highest Price of the Day,Closing Price,Previous Day Closing Price,Volume Traded
20140729,Lowest Price of the Day,Highest Price of the Day,Closing Price,Previous Day Closing Price,Volume Traded
20140730,Lowest Price of the Day,Highest Price of the Day,Closing Price,Previous Day Closing Price,Volume Traded
20140731,Lowest Price of the Day,Highest Price of the Day,Closing Price,Previous Day Closing Price,Volume Traded
20140801,Lowest Price of the Day,Highest Price of the Day,Closing Price,Previous Day Closing Price,Volume Traded
20140804,Lowest Price of the Day,Highest Price of the Day,Closing Price,Previous Day Closing Price,Volume Traded
20140805,Lowest Price of the Day,Highest Price of the Day,Closing Price,Previous Day Closing Price,Volume Traded
20140806,Lowest Price of the Day,Highest Price of the Day,Closing Price,Previous Day Closing Price,Volume Traded
20140807,Lowest Price of the Day,Highest Price of the Day,Closing Price,Previous Day Closing Price,Volume Traded
20140808,Lowest Price of the Day,Highest Price of the Day,Closing Price,Previous Day Closing Price,Volume Traded
20140811,Lowest Price of the Day,Highest Price of the Day,Closing Price,Previous Day Closing Price,Volume Traded
20140812,Lowest Price of the Day,Highest Price of the Day,Closing Price,Previous Day Closing Price,Volume Traded
20140813,Lowest Price of the Day,Highest Price of the Day,Closing Price,Previous Day Closing Price,Volume Traded
20140814,Lowest Price of the Day,Highest Price of the Day,Closing Price,Previous Day Closing Price,Volume Traded
20140815,Lowest Price of the Day,Highest Price of the Day,Closing Price,Previous Day Closing Price,Volume Traded
20140818,Lowest Price of the Day,Highest Price of the Day,Closing Price,Previous Day Closing Price,Volume Traded
20140819,Lowest Price of the Day,Highest Price of the Day,Closing Price,Previous Day Closing Price,Volume Traded
20140820,Lowest Price of the Day,Highest Price of the Day,Closing Price,Previous Day Closing Price,Volume Traded
20140821,Lowest Price of the Day,Highest Price of the Day,Closing Price,Previous Day Closing Price,Volume Traded
20140822,Lowest Price of the Day,Highest Price of the Day,Closing Price,Previous Day Closing Price,Volume Traded
20140825,Lowest Price of the Day,Highest Price of the Day,Closing Price,Previous Day Closing Price,Volume Traded
20140826,Lowest Price of the Day,Highest Price of the Day,Closing Price,Previous Day Closing Price,Volume Traded
20140827,Lowest Price of the Day,Highest Price of the Day,Closing Price,Previous Day Closing Price,Volume Traded
20140828,Lowest Price of the Day,Highest Price of the Day,Closing Price,Previous Day Closing Price,Volume Traded
20140829,Lowest Price of the Day,Highest Price of the Day,Closing Price,Previous Day Closing Price,Volume Traded
20140801,Lowest Price of the Day,Highest Price of the Day,Closing Price,Previous Day Closing Price,Volume Traded
20140804,Lowest Price of the Day,Highest Price of the Day,Closing Price,Previous Day Closing Price,Volume Traded
20140805,Lowest Price of the Day,Highest Price of the Day,Closing Price,Previous Day Closing Price,Volume Traded
20140806,Lowest Price of the Day,Highest Price of the Day,Closing Price,Previous Day Closing Price,Volume Traded
20140807,Lowest Price of the Day,Highest Price of the Day,Closing Price,Previous Day Closing Price,Volume Traded
20140808,Lowest Price of the Day,Highest Price of the Day,Closing Price,Previous Day Closing Price,Volume Traded
20140811,Lowest Price of the Day,Highest Price of the Day,Closing Price,Previous Day Closing Price,Volume Traded
20140812,Lowest Price of the Day,Highest Price of the Day,Closing Price,Previous Day Closing Price,Volume Traded
20140813,Lowest Price of the Day,Highest Price of the Day,Closing Price,Previous Day Closing Price,Volume Traded
20140814,Lowest Price of the Day,Highest Price of the Day,Closing Price,Previous Day Closing Price,Volume Traded
20140815,Lowest Price of the Day,Highest Price of the Day,Closing Price,Previous Day Closing Price,Volume Traded
20140818,Lowest Price of the Day,Highest Price of the Day,Closing Price,Previous Day Closing Price,Volume Traded
20140819,Lowest Price of the Day,Highest Price of the Day,Closing Price,Previous Day Closing Price,Volume Traded
20140820,Lowest Price of the Day,Highest Price of the Day,Closing Price,Previous Day Closing Price,Volume Traded
20140821,Lowest Price of the Day,Highest Price of the Day,Closing Price,Previous Day Closing Price,Volume Traded
20140822,Lowest Price of the Day,Highest Price of the Day,Closing Price,Previous Day Closing Price,Volume Traded
20140825,Lowest Price of the Day,Highest Price of the Day,Closing Price,Previous Day Closing Price,Volume Traded
20140826,Lowest Price of the Day,Highest Price of the Day,Closing Price,Previous Day Closing Price,Volume Traded
20140827,Lowest Price of the Day,Highest Price of the Day,Closing Price,Previous Day Closing Price,Volume Traded
20140828,Lowest Price of the Day,Highest Price of the Day,Closing Price,Previous Day Closing Price,Volume Traded
20140829,Lowest Price of the Day,Highest Price of the Day,Closing Price,Previous Day Closing Price,Volume Traded
20140901,Lowest Price of the Day,Highest Price of the Day,Closing Price,Previous Day Closing Price,Volume Traded
20140902,Lowest Price of the Day,Highest Price of the Day,Closing Price,Previous Day Closing Price,Volume Traded
20140903,Lowest Price of the Day,Highest Price of the Day,Closing Price,Previous Day Closing Price,Volume Traded
20140904,Lowest Price of the Day,Highest Price of the Day,Closing Price,Previous Day Closing Price,Volume Traded
20140905,Lowest Price of the Day,Highest Price of the Day,Closing Price,Previous Day Closing Price,Volume Traded
20140908,Lowest Price of the Day,Highest Price of the Day,Closing Price,Previous Day Closing Price,Volume Traded
20140909,Lowest Price of the Day,Highest Price of the Day,Closing Price,Previous Day Closing Price,Volume Traded
20140910,Lowest Price of the Day,Highest Price of the Day,Closing Price,Previous Day Closing Price,Volume Traded
20140911,Lowest Price of the Day,Highest Price of the Day,Closing Price,Previous Day Closing Price,Volume Traded
20140912,Lowest Price of the Day,Highest Price of the Day,Closing Price,Previous Day Closing Price,Volume Traded
20140915,Lowest Price of the Day,Highest Price of the Day,Closing Price,Previous Day Closing Price,Volume Traded
20140916,Lowest Price of the Day,Highest Price of the Day,Closing Price,Previous Day Closing Price,Volume Traded
20140917,Lowest Price of the Day,Highest Price of the Day,Closing Price,Previous Day Closing Price,Volume Traded
20140918,Lowest Price of the Day,Highest Price of the Day,Closing Price,Previous Day Closing Price,Volume Traded
20140919,Lowest Price of the Day,Highest Price of the Day,Closing Price,Previous Day Closing Price,Volume Traded
20140922,Lowest Price of the Day,Highest Price of the Day,Closing Price,Previous Day Closing Price,Volume Traded
20140923,Lowest Price of the Day,Highest Price of the Day,Closing Price,Previous Day Closing Price,Volume Traded
20140924,Lowest Price of the Day,Highest Price of the Day,Closing Price,Previous Day Closing Price,Volume Traded
20140925,Lowest Price of the Day,Highest Price of the Day,Closing Price,Previous Day Closing Price,Volume Traded
20140926,Lowest Price of the Day,Highest Price of the Day,Closing Price,Previous Day Closing Price,Volume Traded
20140929,Lowest Price of the Day,Highest Price of the Day,Closing Price,Previous Day Closing Price,Volume Traded
20140930,Lowest Price of the Day,Highest Price of the Day,Closing Price,Previous Day Closing Price,Volume Traded
20140901,Lowest Price of the Day,Highest Price of the Day,Closing Price,Previous Day Closing Price,Volume Traded
20140902,Lowest Price of the Day,Highest Price of the Day,Closing Price,Previous Day Closing Price,Volume Traded
20140903,Lowest Price of the Day,Highest Price of the Day,Closing Price,Previous Day Closing Price,Volume Traded
20140904,Lowest Price of the Day,Highest Price of the Day,Closing Price,Previous Day Closing Price,Volume Traded
20140905,Lowest Price of the Day,Highest Price of the Day,Closing Price,Previous Day Closing Price,Volume Traded
20140908,Lowest Price of the Day,Highest Price of the Day,Closing Price,Previous Day Closing Price,Volume Traded
20140909,Lowest Price of the Day,Highest Price of the Day,Closing Price,Previous Day Closing Price,Volume Traded
20140910,Lowest Price of the Day,Highest Price of the Day,Closing Price,Previous Day Closing Price,Volume Traded
20140911,Lowest Price of the Day,Highest Price of the Day,Closing Price,Previous Day Closing Price,Volume Traded
20140912,Lowest Price of the Day,Highest Price of the Day,Closing Price,Previous Day Closing Price,Volume Traded
20140915,Lowest Price of the Day,Highest Price of the Day,Closing Price,Previous Day Closing Price,Volume Traded
20140916,Lowest Price of the Day,Highest Price of the Day,Closing Price,Previous Day Closing Price,Volume Traded
20140917,Lowest Price of the Day,Highest Price of the Day,Closing Price,Previous Day Closing Price,Volume Traded
20140918,Lowest Price of the Day,Highest Price of the Day,Closing Price,Previous Day Closing Price,Volume Traded
20140919,Lowest Price of the Day,Highest Price of the Day,Closing Price,Previous Day Closing Price,Volume Traded
20140922,Lowest Price of the Day,Highest Price of the Day,Closing Price,Previous Day Closing Price,Volume Traded
20140923,Lowest Price of the Day,Highest Price of the Day,Closing Price,Previous Day Closing Price,Volume Traded
20140924,Lowest Price of the Day,Highest Price of the Day,Closing Price,Previous Day Closing Price,Volume Traded
20140925,Lowest Price of the Day,Highest Price of the Day,Closing Price,Previous Day Closing Price,Volume Traded
20140926,Lowest Price of the Day,Highest Price of the Day,Closing Price,Previous Day Closing Price,Volume Traded
20140929,Lowest Price of the Day,Highest Price of the Day,Closing Price,Previous Day Closing Price,Volume Traded
20140930,Lowest Price of the Day,Highest Price of the Day,Closing Price,Previous Day Closing Price,Volume Traded
20141001,Lowest Price of the Day,Highest Price of the Day,Closing Price,Previous Day Closing Price,Volume Traded
20141002,Lowest Price of the Day,Highest Price of the Day,Closing Price,Previous Day Closing Price,Volume Traded
20141003,Lowest Price of the Day,Highest Price of the Day,Closing Price,Previous Day Closing Price,Volume Traded
20141006,Lowest Price of the Day,Highest Price of the Day,Closing Price,Previous Day Closing Price,Volume Traded
20141007,Lowest Price of the Day,Highest Price of the Day,Closing Price,Previous Day Closing Price,Volume Traded
20141008,Lowest Price of the Day,Highest Price of the Day,Closing Price,Previous Day Closing Price,Volume Traded
20141009,Lowest Price of the Day,Highest Price of the Day,Closing Price,Previous Day Closing Price,Volume Traded
20141010,Lowest Price of the Day,Highest Price of the Day,Closing Price,Previous Day Closing Price,Volume Traded
20141013,Lowest Price of the Day,Highest Price of the Day,Closing Price,Previous Day Closing Price,Volume Traded
20141014,Lowest Price of the Day,Highest Price of the Day,Closing Price,Previous Day Closing Price,Volume Traded
20141015,Lowest Price of the Day,Highest Price of the Day,Closing Price,Previous Day Closing Price,Volume Traded
20141016,Lowest Price of the Day,Highest Price of the Day,Closing Price,Previous Day Closing Price,Volume Traded
20141017,Lowest Price of the Day,Highest Price of the Day,Closing Price,Previous Day Closing Price,Volume Traded
20141021,Lowest Price of the Day,Highest Price of the Day,Closing Price,Previous Day Closing Price,Volume Traded
20141022,Lowest Price of the Day,Highest Price of the Day,Closing Price,Previous Day Closing Price,Volume Traded
20141023,Lowest Price of the Day,Highest Price of the Day,Closing Price,Previous Day Closing Price,Volume Traded
20141024,Lowest Price of the Day,Highest Price of the Day,Closing Price,Previous Day Closing Price,Volume Traded
20141027,Lowest Price of the Day,Highest Price of the Day,Closing Price,Previous Day Closing Price,Volume Traded
20141028,Lowest Price of the Day,Highest Price of the Day,Closing Price,Previous Day Closing Price,Volume Traded
20141029,Lowest Price of the Day,Highest Price of the Day,Closing Price,Previous Day Closing Price,Volume Traded
20141030,Lowest Price of the Day,Highest Price of the Day,Closing Price,Previous Day Closing Price,Volume Traded
20141031,Lowest Price of the Day,Highest Price of the Day,Closing Price,Previous Day Closing Price,Volume Traded
20141001,Lowest Price of the Day,Highest Price of the Day,Closing Price,Previous Day Closing Price,Volume Traded
20141002,Lowest Price of the Day,Highest Price of the Day,Closing Price,Previous Day Closing Price,Volume Traded
20141003,Lowest Price of the Day,Highest Price of the Day,Closing Price,Previous Day Closing Price,Volume Traded
20141006,Lowest Price of the Day,Highest Price of the Day,Closing Price,Previous Day Closing Price,Volume Traded
20141007,Lowest Price of the Day,Highest Price of the Day,Closing Price,Previous Day Closing Price,Volume Traded
20141008,Lowest Price of the Day,Highest Price of the Day,Closing Price,Previous Day Closing Price,Volume Traded
20141009,Lowest Price of the Day,Highest Price of the Day,Closing Price,Previous Day Closing Price,Volume Traded
20141010,Lowest Price of the Day,Highest Price of the Day,Closing Price,Previous Day Closing Price,Volume Traded
20141013,Lowest Price of the Day,Highest Price of the Day,Closing Price,Previous Day Closing Price,Volume Traded
20141014,Lowest Price of the Day,Highest Price of the Day,Closing Price,Previous Day Closing Price,Volume Traded
20141015,Lowest Price of the Day,Highest Price of the Day,Closing Price,Previous Day Closing Price,Volume Traded
20141016,Lowest Price of the Day,Highest Price of the Day,Closing Price,Previous Day Closing Price,Volume Traded
20141017,Lowest Price of the Day,Highest Price of the Day,Closing Price,Previous Day Closing Price,Volume Traded
20141021,Lowest Price of the Day,Highest Price of the Day,Closing Price,Previous Day Closing Price,Volume Traded
20141022,Lowest Price of the Day,Highest Price of the Day,Closing Price,Previous Day Closing Price,Volume Traded
20141023,Lowest Price of the Day,Highest Price of the Day,Closing Price,Previous Day Closing Price,Volume Traded
20141024,Lowest Price of the Day,Highest Price of the Day,Closing Price,Previous Day Closing Price,Volume Traded
20141027,Lowest Price of the Day,Highest Price of the Day,Closing Price,Previous Day Closing Price,Volume Traded
20141028,Lowest Price of the Day,Highest Price of the Day,Closing Price,Previous Day Closing Price,Volume Traded
20141029,Lowest Price of the Day,Highest Price of the Day,Closing Price,Previous Day Closing Price,Volume Traded
20141030,Lowest Price of the Day,Highest Price of the Day,Closing Price,Previous Day Closing Price,Volume Traded
20141031,Lowest Price of the Day,Highest Price of the Day,Closing Price,Previous Day Closing Price,Volume Traded
20141103,Lowest Price of the Day,Highest Price of the Day,Closing Price,Previous Day Closing Price,Volume Traded
20141104,Lowest Price of the Day,Highest Price of the Day,Closing Price,Previous Day Closing Price,Volume Traded
20141105,Lowest Price of the Day,Highest Price of the Day,Closing Price,Previous Day Closing Price,Volume Traded
20141106,Lowest Price of the Day,Highest Price of the Day,Closing Price,Previous Day Closing Price,Volume Traded
20141107,Lowest Price of the Day,Highest Price of the Day,Closing Price,Previous Day Closing Price,Volume Traded
20141110,Lowest Price of the Day,Highest Price of the Day,Closing Price,Previous Day Closing Price,Volume Traded
20141111,Lowest Price of the Day,Highest Price of the Day,Closing Price,Previous Day Closing Price,Volume Traded
20141112,Lowest Price of the Day,Highest Price of the Day,Closing Price,Previous Day Closing Price,Volume Traded
20141113,Lowest Price of the Day,Highest Price of the Day,Closing Price,Previous Day Closing Price,Volume Traded
20141114,Lowest Price of the Day,Highest Price of the Day,Closing Price,Previous Day Closing Price,Volume Traded
20141117,Lowest Price of the Day,Highest Price of the Day,Closing Price,Previous Day Closing Price,Volume Traded
20141118,Lowest Price of the Day,Highest Price of the Day,Closing Price,Previous Day Closing Price,Volume Traded
20141119,Lowest Price of the Day,Highest Price of the Day,Closing Price,Previous Day Closing Price,Volume Traded
20141120,Lowest Price of the Day,Highest Price of the Day,Closing Price,Previous Day Closing Price,Volume Traded
20141121,Lowest Price of the Day,Highest Price of the Day,Closing Price,Previous Day Closing Price,Volume Traded
20141124,Lowest Price of the Day,Highest Price of the Day,Closing Price,Previous Day Closing Price,Volume Traded
20141125,Lowest Price of the Day,Highest Price of the Day,Closing Price,Previous Day Closing Price,Volume Traded
20141126,Lowest Price of the Day,Highest Price of the Day,Closing Price,Previous Day Closing Price,Volume Traded
20141127,Lowest Price of the Day,Highest Price of the Day,Closing Price,Previous Day Closing Price,Volume Traded
20141128,Lowest Price of the Day,Highest Price of the Day,Closing Price,Previous Day Closing Price,Volume Traded
20141103,Lowest Price of the Day,Highest Price of the Day,Closing Price,Previous Day Closing Price,Volume Traded
20141104,Lowest Price of the Day,Highest Price of the Day,Closing Price,Previous Day Closing Price,Volume Traded
20141105,Lowest Price of the Day,Highest Price of the Day,Closing Price,Previous Day Closing Price,Volume Traded
20141106,Lowest Price of the Day,Highest Price of the Day,Closing Price,Previous Day Closing Price,Volume Traded
20141107,Lowest Price of the Day,Highest Price of the Day,Closing Price,Previous Day Closing Price,Volume Traded
20141110,Lowest Price of the Day,Highest Price of the Day,Closing Price,Previous Day Closing Price,Volume Traded
20141111,Lowest Price of the Day,Highest Price of the Day,Closing Price,Previous Day Closing Price,Volume Traded
20141112,Lowest Price of the Day,Highest Price of the Day,Closing Price,Previous Day Closing Price,Volume Traded
20141113,Lowest Price of the Day,Highest Price of the Day,Closing Price,Previous Day Closing Price,Volume Traded
20141114,Lowest Price of the Day,Highest Price of the Day,Closing Price,Previous Day Closing Price,Volume Traded
20141117,Lowest Price of the Day,Highest Price of the Day,Closing Price,Previous Day Closing Price,Volume Traded
20141118,Lowest Price of the Day,Highest Price of the Day,Closing Price,Previous Day Closing Price,Volume Traded
20141119,Lowest Price of the Day,Highest Price of the Day,Closing Price,Previous Day Closing Price,Volume Traded
20141120,Lowest Price of the Day,Highest Price of the Day,Closing Price,Previous Day Closing Price,Volume Traded
20141121,Lowest Price of the Day,Highest Price of the Day,Closing Price,Previous Day Closing Price,Volume Traded
20141124,Lowest Price of the Day,Highest Price of the Day,Closing Price,Previous Day Closing Price,Volume Traded
20141125,Lowest Price of the Day,Highest Price of the Day,Closing Price,Previous Day Closing Price,Volume Traded
20141126,Lowest Price of the Day,Highest Price of the Day,Closing Price,Previous Day Closing Price,Volume Traded
20141127,Lowest Price of the Day,Highest Price of the Day,Closing Price,Previous Day Closing Price,Volume Traded
20141128,Lowest Price of the Day,Highest Price of the Day,Closing Price,Previous Day Closing Price,Volume Traded
20141201,Lowest Price of the Day,Highest Price of the Day,Closing Price,Previous Day Closing Price,Volume Traded
20141202,Lowest Price of the Day,Highest Price of the Day,Closing Price,Previous Day Closing Price,Volume Traded
20141203,Lowest Price of the Day,Highest Price of the Day,Closing Price,Previous Day Closing Price,Volume Traded
20141204,Lowest Price of the Day,Highest Price of the Day,Closing Price,Previous Day Closing Price,Volume Traded
20141205,Lowest Price of the Day,Highest Price of the Day,Closing Price,Previous Day Closing Price,Volume Traded
20141208,Lowest Price of the Day,Highest Price of the Day,Closing Price,Previous Day Closing Price,Volume Traded
20141209,Lowest Price of the Day,Highest Price of the Day,Closing Price,Previous Day Closing Price,Volume Traded
20141210,Lowest Price of the Day,Highest Price of the Day,Closing Price,Previous Day Closing Price,Volume Traded
20141211,Lowest Price of the Day,Highest Price of the Day,Closing Price,Previous Day Closing Price,Volume Traded
20141215,Lowest Price of the Day,Highest Price of the Day,Closing Price,Previous Day Closing Price,Volume Traded
20141216,Lowest Price of the Day,Highest Price of the Day,Closing Price,Previous Day Closing Price,Volume Traded
20141217,Lowest Price of the Day,Highest Price of the Day,Closing Price,Previous Day Closing Price,Volume Traded
20141218,Lowest Price of the Day,Highest Price of the Day,Closing Price,Previous Day Closing Price,Volume Traded
20141219,Lowest Price of the Day,Highest Price of the Day,Closing Price,Previous Day Closing Price,Volume Traded
20141222,Lowest Price of the Day,Highest Price of the Day,Closing Price,Previous Day Closing Price,Volume Traded
20141223,Lowest Price of the Day,Highest Price of the Day,Closing Price,Previous Day Closing Price,Volume Traded
20141224,Lowest Price of the Day,Highest Price of the Day,Closing Price,Previous Day Closing Price,Volume Traded
20141229,Lowest Price of the Day,Highest Price of the Day,Closing Price,Previous Day Closing Price,Volume Traded
20141230,Lowest Price of the Day,Highest Price of the Day,Closing Price,Previous Day Closing Price,Volume Traded
20141231,Lowest Price of the Day,Highest Price of the Day,Closing Price,Previous Day Closing Price,Volume Traded
20141201,Lowest Price of the Day,Highest Price of the Day,Closing Price,Previous Day Closing Price,Volume Traded
20141202,Lowest Price of the Day,Highest Price of the Day,Closing Price,Previous Day Closing Price,Volume Traded
20141203,Lowest Price of the Day,Highest Price of the Day,Closing Price,Previous Day Closing Price,Volume Traded
20141204,Lowest Price of the Day,Highest Price of the Day,Closing Price,Previous Day Closing Price,Volume Traded
20141205,Lowest Price of the Day,Highest Price of the Day,Closing Price,Previous Day Closing Price,Volume Traded
20141208,Lowest Price of the Day,Highest Price of the Day,Closing Price,Previous Day Closing Price,Volume Traded
20141209,Lowest Price of the Day,Highest Price of the Day,Closing Price,Previous Day Closing Price,Volume Traded
20141210,Lowest Price of the Day,Highest Price of the Day,Closing Price,Previous Day Closing Price,Volume Traded
20141211,Lowest Price of the Day,Highest Price of the Day,Closing Price,Previous Day Closing Price,Volume Traded
20141215,Lowest Price of the Day,Highest Price of the Day,Closing Price,Previous Day Closing Price,Volume Traded
20141216,Lowest Price of the Day,Highest Price of the Day,Closing Price,Previous Day Closing Price,Volume Traded
20141217,Lowest Price of the Day,Highest Price of the Day,Closing Price,Previous Day Closing Price,Volume Traded
20141218,Lowest Price of the Day,Highest Price of the Day,Closing Price,Previous Day Closing Price,Volume Traded
20141219,Lowest Price of the Day,Highest Price of the Day,Closing Price,Previous Day Closing Price,Volume Traded
20141222,Lowest Price of the Day,Highest Price of the Day,Closing Price,Previous Day Closing Price,Volume Traded
20141223,Lowest Price of the Day,Highest Price of the Day,Closing Price,Previous Day Closing Price,Volume Traded
20141224,Lowest Price of the Day,Highest Price of the Day,Closing Price,Previous Day Closing Price,Volume Traded
20141229,Lowest Price of the Day,Highest Price of the Day,Closing Price,Previous Day Closing Price,Volume Traded
20141230,Lowest Price of the Day,Highest Price of the Day,Closing Price,Previous Day Closing Price,Volume Traded
20141231,Lowest Price of the Day,Highest Price of the Day,Closing Price,Previous Day Closing Price,Volume Traded
